Workbook
Name _DLX1.INC: #REF!
Name _DLX2.INC: #REF!
Name _DLX3.INC: #REF!
Name Data: [15]sheet0!$C$2

Sheet Chart Data
A1: APF run down
B2: Redemptions | C2: Gilt sales | D2: Gilt sales implied by BoE MaPS | E2: Total run down
A3: 2022/ 2023 | B3: 37 | C3: =80-B3 -> 43 | E3: =SUM(B3:C3) -> 80 | G3: =SUM('APF gilt sales'!H3:H592)/1000 -> 41.994
A4: 2023/ 2024 | B4: 50 | C4: =100-B4 -> 50 | E4: =SUM(B4:C4) -> 100 | G4: =SUM('APF gilt sales'!H593:H1125)/1000 -> 40.9895
A5: 2024/ 2025 | B5: ='Maturity Profile of APF (Table)'!H4 -> 87.187539 | C5: =100-B5 -> 12.812461 | E5: =SUM(B5:D5) -> 100
A6: 2025/ 2026 | B6: ='Maturity Profile of APF (Table)'!H5 -> 49.127841 | D6: =75-B6 -> 25.872159 | E6: =SUM(B6:D6) -> 75
A7: 2026/ 2027 | B7: ='Maturity Profile of APF (Table)'!H6 -> 30.505274 | D7: =50-B7 -> 19.494726 | E7: =SUM(B7:D7) -> 50
A8: 2027/ 2028 | B8: ='Maturity Profile of APF (Table)'!H7 -> 29.223226 | D8: =31-B8 -> 1.7767736 | E8: =SUM(B8:D8) -> 31

Sheet Maturity Profile of APF (Table)
A1: Table: Maturity Profile of the stock of gilts held in the APF
A2: Gilt | B2: Maturity Date | C2: Total Purchase Nominal (£bn) | D2: Total Purchase Proceeds (£bn) | E2: Remaining Stock of APF Gilt Holdings (£bn)
A3: Current stock of holdings | E3: 687.64882
A4: 2¾% Treasury Gilt 2024 | B4: 45542 | C4: 23.5172 | D4: 26.286768 | E4: 661.36205 | G4: 2024/2025 | H4: =SUM(D5:D8) -> 87.187539 | K4: =+H4 -> 87.187539
A5: 0¼% Treasury Gilt 2025 | B5: 45688 | C5: 6.023 | D5: 5.9961054 | E5: 655.36594 | G5: 2025/2026 | H5: =SUM(D9:D10) -> 49.127841 | K5: =+H5+K4 -> 136.31538
A6: 5% Treasury Stock 2025 | B6: 45723 | C6: 18.9866 | D6: 23.217043 | E6: 632.1489 | G6: 2026/2027 | H6: =SUM(D11:D12) -> 30.505274 | K6: =+H6+K5 -> 166.82065
A7: 0 ⅝% Treasury Gilt 2025 | B7: 45815 | C7: 28.8354 | D7: 29.642378 | E7: 602.50652 | G7: 2027/2028 | H7: =SUM(D13:D14) -> 29.223226 | K7: =+H7+K6 -> 196.04388
A8: 2% Treasury Gilt 2025 | B8: 45907 | C8: 26.1983 | D8: 28.332013 | E8: 574.17451 | G8: 2028/2029 | H8: =SUM(D15:D17) -> 36.662547 | K8: =+H8+K7 -> 232.70643
A9: 0 1/8% Treasury Gilt 2026 | B9: 46052 | C9: 19.8636 | D9: 19.790574 | E9: 554.38394 | G9: 2029/2030 | H9: =SUM(D18) -> 28.98378 | K9: =+H9+K8 -> 261.69021
A10: 1½% Treasury Gilt 2026 | B10: 46225 | C10: 27.3784 | D10: 29.337267 | E10: 525.04667
A11: 0 3/8% Treasury Gilt 2026 | B11: 46317 | C11: 5.7428 | D11: 5.7074498 | E11: 519.33922
A12: 1¼% Treasury Gilt 2027 | B12: 46590 | C12: 23.428 | D12: 24.797824 | E12: 494.5414
A13: 4¼% Treasury Gilt 2027 | B13: 46728 | C13: 17.052 | D13: 18.916816 | E13: 475.62458
A14: 0 1/8% Treasury Gilt 2028 | B14: 46783 | C14: 10.4626 | D14: 10.30641 | E14: 465.31817
A15: 1 5/8% Treasury Gilt 2028 | B15: 47048 | C15: 22.4799 | D15: 25.052075 | E15: 440.26609
A16: 6% Treasury Stock 2028 | B16: 47094 | C16: 8.2905 | D16: 11.070936 | E16: 429.19516
A17: 0½% Treasury Gilt 2029 | B17: 47149 | C17: 0.554 | D17: 0.53953559 | E17: 428.65562
A18: 0 7/8% Treasury Gilt 2029 | B18: 47413 | C18: 27.2681 | D18: 28.98378 | E18: 399.67184
A19: 0 3/8% Treasury Gilt 2030 | B19: 47778 | C19: 20.5844 | D19: 20.481933 | E19: 379.18991
A20: 4¾% Treasury Gilt 2030 | B20: 47824 | C20: 21.2789 | D20: 27.716418 | E20: 351.47349
A21: 0¼% Treasury Gilt 2031 | B21: 48060 | C21: 12.1419 | D21: 11.499676 | E21: 339.97382
... A51: 1 5/8% Treasury Gilt 2071 | B51: 62753 | C51: 5.0885 | D51: 6.934174 | E51: 0

Sheet APF gilt sales
B1: Gilt Sales
B2: Operation date | C2: Settlement date | D2: ISIN | E2: Bond | F2: Total offers received (proceeds £mn) | G2: Total allocation (proceeds £mn) | H2: Total allocation (nominal £mn) | I2: Weighted Average Accepted Yield (%) | J2: Weighted Average Accepted Price | K2: Highest accepted price | L2: Allocated at highest price (%) | M2: Lowest accepted price | N2: Tail
B3: 44866 | C3: 44867 | D3: GB00BL68HJ26 | E3: UKT_0.125_300126 | F3: 969.35602 | G3: 491.10867 | H3: 545 | I3: 3.381701 | J3: 90.079413 | K3: 90.09 | L3: 100 | M3: 90.07 | N3: 0.009413
B4: 44866 | C4: 44867 | D4: GB00BYZW3G56 | E4: UKT_1.5_220726 | F4: 46.834918 | G4: 0 | H4: 0 | I4: 0 | J4: 0 | K4: 0 | L4: 0 | M4: 0 | N4: 0
B5: 44866 | C5: 44867 | D5: GB00BNNGP668 | E5: UKT_0.375_221026 | F5: 790.34978 | G5: 170.28738 | H5: 192.8 | I5: 3.558117 | J5: 88.312 | K5: 88.312 | L5: 44.837209 | M5: 88.312 | N5: 0
B6: 44866 | C6: 44867 | D6: GB00BDRHNP05 | E6: UKT_1.25_220727 | F6: 275.53058 | G6: 45.194932 | H6: 50 | I6: 3.560782 | J6: 90.04 | K6: 90.04 | L6: 100 | M6: 90.04 | N6: 0
B7: 44866 | C7: 44867 | D7: GB00B16NNR78 | E7: UKT_4.25_071227 | F7: 31.327373 | G7: 0 | H7: 0 | I7: 0 | J7: 0 | K7: 0 | L7: 0 | M7: 0 | N7: 0
B8: 44866 | C8: 44867 | D8: GB00BMBL1G81 | E8: UKT_0.125_310128 | F8: 54.269754 | G8: 0 | H8: 0 | I8: 0 | J8: 0 | K8: 0 | L8: 0 | M8: 0 | N8: 0
B9: 44866 | C9: 44867 | D9: GB00BFX0ZL78 | E9: UKT_1.625_221028 | F9: 71.775285 | G9: 22.444777 | H9: 25 | I9: 3.549095 | J9: 89.73 | K9: 89.73 | L9: 100 | M9: 89.73 | N9: 0
B10: 44866 | C10: 44867 | D10: GB0002404191 | E10: UKT_6_071228 | F10: 0 | G10: 0 | H10: 0 | I10: 0 | J10: 0 | K10: 0 | L10: 0 | M10: 0 | N10: 0
B11: 44866 | C11: 44867 | D11: GB00BJMHB534 | E11: UKT_0.875_221029 | F11: 204.70528 | G11: 20.921611 | H11: 25 | I11: 3.541163 | J11: 83.66 | K11: 83.66 | L11: 100 | M11: 83.66 | N11: 0
B12: 44872 | C12: 44873 | D12: GB00BL68HH02 | E12: UKT_0.375_221030 | F12: 133.67627 | G12: 133.67627 | H12: 170 | I12: 3.475591 | J12: 78.615623 | K12: 78.633 | L12: 100 | M12: 78.43 | N12: 0.185623
B13: 44872 | C13: 44873 | D13: GB00B24FF097 | E13: UKT_4.75_071230 | F13: 61.101048 | G13: 61.101049 | H13: 55 | I13: 3.450203 | J13: 109.09422 | K13: 109.156 | L13: 100 | M13: 109.02 | N13: 0.074223
B14: 44872 | C14: 44873 | D14: GB00BMGR2809 | E14: UKT_0.25_310731 | F14: 64.817103 | G14: 64.817104 | H14: 86 | I14: 3.568219 | J14: 75.300898 | K14: 75.383 | L14: 100 | M14: 75.16 | N14: 0.140898
... B1125: 45523 | C1125: 45524 | D1125: GB00B84Z9V04 | E1125: UKT_3.25_220144 | F1125: 28.189957 | G1125: 28.189958 | H1125: 33 | I1125: 4.392947 | J1125: 85.168 | K1125: 85.168 | L1125: 100 | M1125: 85.168 | N1125: 0
