Workbook
Name A: #REF!
Name Data: [2]sheet0!$C$2
Name S: {#N/A,#N/A,FALSE,"CGBR95C"}

Sheet Calculations
A1: UK goods exports in 2023 | B1: 5 | C1: 6 | D1: 7 | E1: 8 | F1: 9 | G1: 10 | H1: 11 | I1: 12 | J1: 13 | K1: 14 | L1: 15 | M1: 17 | N1: 24 | O1: 30 | P1: 31 | Q1: 32 | U1: 4
B2: ='ONS - UK Exports by type'!E2 -> Live animals | C2: ='ONS - UK Exports by type'!F2 -> Meat & meat preparations | D2: ='ONS - UK Exports by type'!G2 -> Dairy products & eggs | E2: ='ONS - UK Exports by type'!H2 -> Fish and shellfish | F2: ='ONS - UK Exports by type'!I2 -> Cereals | G2: ='ONS - UK Exports by type'!J2 -> Vegetables & fruit | H2: ='ONS - UK Exports by type'!K2 -> Sugar | I2: ='ONS - UK Exports by type'!L2 -> Coffee, tea, cocoa etc | ... L2: ='ONS - UK Exports by type'!O2 -> Beverages & tobacco | M2: ='ONS - UK Exports by type'!Q2 -> Oil-seeds & oleaginous fruits | N2: ='ONS - UK Exports by type'!X2 -> Other crude animal & vegetable materials | O2: ='ONS - UK Exports by type'!AD2 -> Animal oils & fats | P2: ='ONS - UK Exports by type'!AE2 -> Vegetable oils & fats | Q2: ='ONS - UK Exports by type'!AF2 -> Processed oils & fats | S2: Agrifood total | U2: Total exports
A3: ='ONS - UK Exports by type'!A1194 -> Austria | B3: =VLOOKUP($A3,'ONS - UK Exports by type'!$A$1183:$CX$1418,Calculations!B$1,FALSE) -> 0 | C3: =VLOOKUP($A3,'ONS - UK Exports by type'!$A$1183:$CX$1418,Calculations!C$1,FALSE) -> 4 | D3: =VLOOKUP($A3,'ONS - UK Exports by type'!$A$1183:$CX$1418,Calculations!D$1,FALSE) -> 5 | E3: =VLOOKUP($A3,'ONS - UK Exports by type'!$A$1183:$CX$1418,Calculations!E$1,FALSE) -> 1 | F3: =VLOOKUP($A3,'ONS - UK Exports by type'!$A$1183:$CX$1418,Calculations!F$1,FALSE) -> 4 | G3: =VLOOKUP($A3,'ONS - UK Exports by type'!$A$1183:$CX$1418,Calculations!G$1,FALSE) -> 1 | H3: =VLOOKUP($A3,'ONS - UK Exports by type'!$A$1183:$CX$1418,Calculations!H$1,FALSE) -> 2 | I3: =VLOOKUP($A3,'ONS - UK Exports by type'!$A$1183:$CX$1418,Calculations!I$1,FALSE) -> 5 | ... Q3: =VLOOKUP($A3,'ONS - UK Exports by type'!$A$1183:$CX$1418,Calculations!Q$1,FALSE) -> 0 | S3: =SUM(B3:R3) -> 67 | U3: =VLOOKUP($A3,'ONS - UK Exports by type'!$A$1183:$CX$1418,Calculations!U$1,FALSE) -> 1722
A4: ='ONS - UK Exports by type'!A1201 -> Belgium | B4: =VLOOKUP($A4,'ONS - UK Exports by type'!$A$1183:$CX$1418,Calculations!B$1,FALSE) -> 3 | C4: =VLOOKUP($A4,'ONS - UK Exports by type'!$A$1183:$CX$1418,Calculations!C$1,FALSE) -> 81 | D4: =VLOOKUP($A4,'ONS - UK Exports by type'!$A$1183:$CX$1418,Calculations!D$1,FALSE) -> 163 | E4: =VLOOKUP($A4,'ONS - UK Exports by type'!$A$1183:$CX$1418,Calculations!E$1,FALSE) -> 8 | F4: =VLOOKUP($A4,'ONS - UK Exports by type'!$A$1183:$CX$1418,Calculations!F$1,FALSE) -> 121 | G4: =VLOOKUP($A4,'ONS - UK Exports by type'!$A$1183:$CX$1418,Calculations!G$1,FALSE) -> 28 | H4: =VLOOKUP($A4,'ONS - UK Exports by type'!$A$1183:$CX$1418,Calculations!H$1,FALSE) -> 15 | I4: =VLOOKUP($A4,'ONS - UK Exports by type'!$A$1183:$CX$1418,Calculations!I$1,FALSE) -> 57 | ... Q4: =VLOOKUP($A4,'ONS - UK Exports by type'!$A$1183:$CX$1418,Calculations!Q$1,FALSE) -> 32 | S4: =SUM(B4:R4) -> 1020 | U4: =VLOOKUP($A4,'ONS - UK Exports by type'!$A$1183:$CX$1418,Calculations!U$1,FALSE) -> 17637
A5: ='ONS - UK Exports by type'!A1203 -> Bulgaria | B5: =VLOOKUP($A5,'ONS - UK Exports by type'!$A$1183:$CX$1418,Calculations!B$1,FALSE) -> 0 | C5: =VLOOKUP($A5,'ONS - UK Exports by type'!$A$1183:$CX$1418,Calculations!C$1,FALSE) -> 0 | D5: =VLOOKUP($A5,'ONS - UK Exports by type'!$A$1183:$CX$1418,Calculations!D$1,FALSE) -> 2 | E5: =VLOOKUP($A5,'ONS - UK Exports by type'!$A$1183:$CX$1418,Calculations!E$1,FALSE) -> 0 | F5: =VLOOKUP($A5,'ONS - UK Exports by type'!$A$1183:$CX$1418,Calculations!F$1,FALSE) -> 3 | G5: =VLOOKUP($A5,'ONS - UK Exports by type'!$A$1183:$CX$1418,Calculations!G$1,FALSE) -> 1 | H5: =VLOOKUP($A5,'ONS - UK Exports by type'!$A$1183:$CX$1418,Calculations!H$1,FALSE) -> 0 | I5: =VLOOKUP($A5,'ONS - UK Exports by type'!$A$1183:$CX$1418,Calculations!I$1,FALSE) -> 5 | ... Q5: =VLOOKUP($A5,'ONS - UK Exports by type'!$A$1183:$CX$1418,Calculations!Q$1,FALSE) -> 0 | S5: =SUM(B5:R5) -> 63 | U5: =VLOOKUP($A5,'ONS - UK Exports by type'!$A$1183:$CX$1418,Calculations!U$1,FALSE) -> 396
A6: ='ONS - UK Exports by type'!A1235 -> Cyprus | B6: =VLOOKUP($A6,'ONS - UK Exports by type'!$A$1183:$CX$1418,Calculations!B$1,FALSE) -> 0 | C6: =VLOOKUP($A6,'ONS - UK Exports by type'!$A$1183:$CX$1418,Calculations!C$1,FALSE) -> 1 | D6: =VLOOKUP($A6,'ONS - UK Exports by type'!$A$1183:$CX$1418,Calculations!D$1,FALSE) -> 3 | E6: =VLOOKUP($A6,'ONS - UK Exports by type'!$A$1183:$CX$1418,Calculations!E$1,FALSE) -> 2 | F6: =VLOOKUP($A6,'ONS - UK Exports by type'!$A$1183:$CX$1418,Calculations!F$1,FALSE) -> 11 | G6: =VLOOKUP($A6,'ONS - UK Exports by type'!$A$1183:$CX$1418,Calculations!G$1,FALSE) -> 3 | H6: =VLOOKUP($A6,'ONS - UK Exports by type'!$A$1183:$CX$1418,Calculations!H$1,FALSE) -> 1 | I6: =VLOOKUP($A6,'ONS - UK Exports by type'!$A$1183:$CX$1418,Calculations!I$1,FALSE) -> 7 | ... Q6: =VLOOKUP($A6,'ONS - UK Exports by type'!$A$1183:$CX$1418,Calculations!Q$1,FALSE) -> 0 | S6: =SUM(B6:R6) -> 66 | U6: =VLOOKUP($A6,'ONS - UK Exports by type'!$A$1183:$CX$1418,Calculations!U$1,FALSE) -> 446
A7: ='ONS - UK Exports by type'!A1236 -> Czechia | B7: =VLOOKUP($A7,'ONS - UK Exports by type'!$A$1183:$CX$1418,Calculations!B$1,FALSE) -> 1 | C7: =VLOOKUP($A7,'ONS - UK Exports by type'!$A$1183:$CX$1418,Calculations!C$1,FALSE) -> 2 | D7: =VLOOKUP($A7,'ONS - UK Exports by type'!$A$1183:$CX$1418,Calculations!D$1,FALSE) -> 12 | E7: =VLOOKUP($A7,'ONS - UK Exports by type'!$A$1183:$CX$1418,Calculations!E$1,FALSE) -> 0 | F7: =VLOOKUP($A7,'ONS - UK Exports by type'!$A$1183:$CX$1418,Calculations!F$1,FALSE) -> 7 | G7: =VLOOKUP($A7,'ONS - UK Exports by type'!$A$1183:$CX$1418,Calculations!G$1,FALSE) -> 2 | H7: =VLOOKUP($A7,'ONS - UK Exports by type'!$A$1183:$CX$1418,Calculations!H$1,FALSE) -> 4 | I7: =VLOOKUP($A7,'ONS - UK Exports by type'!$A$1183:$CX$1418,Calculations!I$1,FALSE) -> 33 | ... Q7: =VLOOKUP($A7,'ONS - UK Exports by type'!$A$1183:$CX$1418,Calculations!Q$1,FALSE) -> 0 | S7: =SUM(B7:R7) -> 209 | U7: =VLOOKUP($A7,'ONS - UK Exports by type'!$A$1183:$CX$1418,Calculations!U$1,FALSE) -> 2350
A8: ='ONS - UK Exports by type'!A1237 -> Germany | B8: =VLOOKUP($A8,'ONS - UK Exports by type'!$A$1183:$CX$1418,Calculations!B$1,FALSE) -> 21 | C8: =VLOOKUP($A8,'ONS - UK Exports by type'!$A$1183:$CX$1418,Calculations!C$1,FALSE) -> 168 | D8: =VLOOKUP($A8,'ONS - UK Exports by type'!$A$1183:$CX$1418,Calculations!D$1,FALSE) -> 58 | E8: =VLOOKUP($A8,'ONS - UK Exports by type'!$A$1183:$CX$1418,Calculations!E$1,FALSE) -> 16 | F8: =VLOOKUP($A8,'ONS - UK Exports by type'!$A$1183:$CX$1418,Calculations!F$1,FALSE) -> 105 | G8: =VLOOKUP($A8,'ONS - UK Exports by type'!$A$1183:$CX$1418,Calculations!G$1,FALSE) -> 30 | H8: =VLOOKUP($A8,'ONS - UK Exports by type'!$A$1183:$CX$1418,Calculations!H$1,FALSE) -> 31 | I8: =VLOOKUP($A8,'ONS - UK Exports by type'!$A$1183:$CX$1418,Calculations!I$1,FALSE) -> 81 | ... Q8: =VLOOKUP($A8,'ONS - UK Exports by type'!$A$1183:$CX$1418,Calculations!Q$1,FALSE) -> 7 | S8: =SUM(B8:R8) -> 1369 | U8: =VLOOKUP($A8,'ONS - UK Exports by type'!$A$1183:$CX$1418,Calculations!U$1,FALSE) -> 33775
A9: ='ONS - UK Exports by type'!A1239 -> Denmark | B9: =VLOOKUP($A9,'ONS - UK Exports by type'!$A$1183:$CX$1418,Calculations!B$1,FALSE) -> 3 | C9: =VLOOKUP($A9,'ONS - UK Exports by type'!$A$1183:$CX$1418,Calculations!C$1,FALSE) -> 16 | D9: =VLOOKUP($A9,'ONS - UK Exports by type'!$A$1183:$CX$1418,Calculations!D$1,FALSE) -> 65 | E9: =VLOOKUP($A9,'ONS - UK Exports by type'!$A$1183:$CX$1418,Calculations!E$1,FALSE) -> 13 | F9: =VLOOKUP($A9,'ONS - UK Exports by type'!$A$1183:$CX$1418,Calculations!F$1,FALSE) -> 11 | G9: =VLOOKUP($A9,'ONS - UK Exports by type'!$A$1183:$CX$1418,Calculations!G$1,FALSE) -> 16 | H9: =VLOOKUP($A9,'ONS - UK Exports by type'!$A$1183:$CX$1418,Calculations!H$1,FALSE) -> 8 | I9: =VLOOKUP($A9,'ONS - UK Exports by type'!$A$1183:$CX$1418,Calculations!I$1,FALSE) -> 11 | ... Q9: =VLOOKUP($A9,'ONS - UK Exports by type'!$A$1183:$CX$1418,Calculations!Q$1,FALSE) -> 5 | S9: =SUM(B9:R9) -> 275 | U9: =VLOOKUP($A9,'ONS - UK Exports by type'!$A$1183:$CX$1418,Calculations!U$1,FALSE) -> 2752
A10: ='ONS - UK Exports by type'!A1244 -> Estonia | B10: =VLOOKUP($A10,'ONS - UK Exports by type'!$A$1183:$CX$1418,Calculations!B$1,FALSE) -> 0 | C10: =VLOOKUP($A10,'ONS - UK Exports by type'!$A$1183:$CX$1418,Calculations!C$1,FALSE) -> 0 | D10: =VLOOKUP($A10,'ONS - UK Exports by type'!$A$1183:$CX$1418,Calculations!D$1,FALSE) -> 0 | E10: =VLOOKUP($A10,'ONS - UK Exports by type'!$A$1183:$CX$1418,Calculations!E$1,FALSE) -> 0 | F10: =VLOOKUP($A10,'ONS - UK Exports by type'!$A$1183:$CX$1418,Calculations!F$1,FALSE) -> 2 | G10: =VLOOKUP($A10,'ONS - UK Exports by type'!$A$1183:$CX$1418,Calculations!G$1,FALSE) -> 0 | H10: =VLOOKUP($A10,'ONS - UK Exports by type'!$A$1183:$CX$1418,Calculations!H$1,FALSE) -> 0 | I10: =VLOOKUP($A10,'ONS - UK Exports by type'!$A$1183:$CX$1418,Calculations!I$1,FALSE) -> 0 | ... Q10: =VLOOKUP($A10,'ONS - UK Exports by type'!$A$1183:$CX$1418,Calculations!Q$1,FALSE) -> 0 | S10: =SUM(B10:R10) -> 25 | U10: =VLOOKUP($A10,'ONS - UK Exports by type'!$A$1183:$CX$1418,Calculations!U$1,FALSE) -> 333
A11: ='ONS - UK Exports by type'!A1247 -> Spain | B11: =VLOOKUP($A11,'ONS - UK Exports by type'!$A$1183:$CX$1418,Calculations!B$1,FALSE) -> 14 | C11: =VLOOKUP($A11,'ONS - UK Exports by type'!$A$1183:$CX$1418,Calculations!C$1,FALSE) -> 22 | D11: =VLOOKUP($A11,'ONS - UK Exports by type'!$A$1183:$CX$1418,Calculations!D$1,FALSE) -> 50 | E11: =VLOOKUP($A11,'ONS - UK Exports by type'!$A$1183:$CX$1418,Calculations!E$1,FALSE) -> 111 | F11: =VLOOKUP($A11,'ONS - UK Exports by type'!$A$1183:$CX$1418,Calculations!F$1,FALSE) -> 294 | G11: =VLOOKUP($A11,'ONS - UK Exports by type'!$A$1183:$CX$1418,Calculations!G$1,FALSE) -> 36 | H11: =VLOOKUP($A11,'ONS - UK Exports by type'!$A$1183:$CX$1418,Calculations!H$1,FALSE) -> 7 | I11: =VLOOKUP($A11,'ONS - UK Exports by type'!$A$1183:$CX$1418,Calculations!I$1,FALSE) -> 19 | ... Q11: =VLOOKUP($A11,'ONS - UK Exports by type'!$A$1183:$CX$1418,Calculations!Q$1,FALSE) -> 2 | S11: =SUM(B11:R11) -> 1047 | U11: =VLOOKUP($A11,'ONS - UK Exports by type'!$A$1183:$CX$1418,Calculations!U$1,FALSE) -> 10110
A12: ='ONS - UK Exports by type'!A1249 -> Finland | B12: =VLOOKUP($A12,'ONS - UK Exports by type'!$A$1183:$CX$1418,Calculations!B$1,FALSE) -> 0 | C12: =VLOOKUP($A12,'ONS - UK Exports by type'!$A$1183:$CX$1418,Calculations!C$1,FALSE) -> 0 | D12: =VLOOKUP($A12,'ONS - UK Exports by type'!$A$1183:$CX$1418,Calculations!D$1,FALSE) -> 1 | E12: =VLOOKUP($A12,'ONS - UK Exports by type'!$A$1183:$CX$1418,Calculations!E$1,FALSE) -> 0 | F12: =VLOOKUP($A12,'ONS - UK Exports by type'!$A$1183:$CX$1418,Calculations!F$1,FALSE) -> 11 | G12: =VLOOKUP($A12,'ONS - UK Exports by type'!$A$1183:$CX$1418,Calculations!G$1,FALSE) -> 2 | H12: =VLOOKUP($A12,'ONS - UK Exports by type'!$A$1183:$CX$1418,Calculations!H$1,FALSE) -> 1 | I12: =VLOOKUP($A12,'ONS - UK Exports by type'!$A$1183:$CX$1418,Calculations!I$1,FALSE) -> 2 | ... Q12: =VLOOKUP($A12,'ONS - UK Exports by type'!$A$1183:$CX$1418,Calculations!Q$1,FALSE) -> 0 | S12: =SUM(B12:R12) -> 61 | U12: =VLOOKUP($A12,'ONS - UK Exports by type'!$A$1183:$CX$1418,Calculations!U$1,FALSE) -> 1435
A13: ='ONS - UK Exports by type'!A1254 -> France | B13: =VLOOKUP($A13,'ONS - UK Exports by type'!$A$1183:$CX$1418,Calculations!B$1,FALSE) -> 49 | C13: =VLOOKUP($A13,'ONS - UK Exports by type'!$A$1183:$CX$1418,Calculations!C$1,FALSE) -> 582 | D13: =VLOOKUP($A13,'ONS - UK Exports by type'!$A$1183:$CX$1418,Calculations!D$1,FALSE) -> 165 | E13: =VLOOKUP($A13,'ONS - UK Exports by type'!$A$1183:$CX$1418,Calculations!E$1,FALSE) -> 779 | F13: =VLOOKUP($A13,'ONS - UK Exports by type'!$A$1183:$CX$1418,Calculations!F$1,FALSE) -> 181 | G13: =VLOOKUP($A13,'ONS - UK Exports by type'!$A$1183:$CX$1418,Calculations!G$1,FALSE) -> 57 | H13: =VLOOKUP($A13,'ONS - UK Exports by type'!$A$1183:$CX$1418,Calculations!H$1,FALSE) -> 10 | I13: =VLOOKUP($A13,'ONS - UK Exports by type'!$A$1183:$CX$1418,Calculations!I$1,FALSE) -> 92 | ... Q13: =VLOOKUP($A13,'ONS - UK Exports by type'!$A$1183:$CX$1418,Calculations!Q$1,FALSE) -> 4 | S13: =SUM(B13:R13) -> 3003 | U13: =VLOOKUP($A13,'ONS - UK Exports by type'!$A$1183:$CX$1418,Calculations!U$1,FALSE) -> 24802
A14: ='ONS - UK Exports by type'!A1265 -> Greece | B14: =VLOOKUP($A14,'ONS - UK Exports by type'!$A$1183:$CX$1418,Calculations!B$1,FALSE) -> 0 | C14: =VLOOKUP($A14,'ONS - UK Exports by type'!$A$1183:$CX$1418,Calculations!C$1,FALSE) -> 1 | D14: =VLOOKUP($A14,'ONS - UK Exports by type'!$A$1183:$CX$1418,Calculations!D$1,FALSE) -> 7 | E14: =VLOOKUP($A14,'ONS - UK Exports by type'!$A$1183:$CX$1418,Calculations!E$1,FALSE) -> 1 | F14: =VLOOKUP($A14,'ONS - UK Exports by type'!$A$1183:$CX$1418,Calculations!F$1,FALSE) -> 12 | G14: =VLOOKUP($A14,'ONS - UK Exports by type'!$A$1183:$CX$1418,Calculations!G$1,FALSE) -> 1 | H14: =VLOOKUP($A14,'ONS - UK Exports by type'!$A$1183:$CX$1418,Calculations!H$1,FALSE) -> 1 | I14: =VLOOKUP($A14,'ONS - UK Exports by type'!$A$1183:$CX$1418,Calculations!I$1,FALSE) -> 8 | ... Q14: =VLOOKUP($A14,'ONS - UK Exports by type'!$A$1183:$CX$1418,Calculations!Q$1,FALSE) -> 0 | S14: =SUM(B14:R14) -> 154 | U14: =VLOOKUP($A14,'ONS - UK Exports by type'!$A$1183:$CX$1418,Calculations!U$1,FALSE) -> 1266
A15: ='ONS - UK Exports by type'!A1274 -> Croatia | B15: =VLOOKUP($A15,'ONS - UK Exports by type'!$A$1183:$CX$1418,Calculations!B$1,FALSE) -> 0 | C15: =VLOOKUP($A15,'ONS - UK Exports by type'!$A$1183:$CX$1418,Calculations!C$1,FALSE) -> 0 | D15: =VLOOKUP($A15,'ONS - UK Exports by type'!$A$1183:$CX$1418,Calculations!D$1,FALSE) -> 2 | E15: =VLOOKUP($A15,'ONS - UK Exports by type'!$A$1183:$CX$1418,Calculations!E$1,FALSE) -> 3 | F15: =VLOOKUP($A15,'ONS - UK Exports by type'!$A$1183:$CX$1418,Calculations!F$1,FALSE) -> 1 | G15: =VLOOKUP($A15,'ONS - UK Exports by type'!$A$1183:$CX$1418,Calculations!G$1,FALSE) -> 0 | H15: =VLOOKUP($A15,'ONS - UK Exports by type'!$A$1183:$CX$1418,Calculations!H$1,FALSE) -> 0 | I15: =VLOOKUP($A15,'ONS - UK Exports by type'!$A$1183:$CX$1418,Calculations!I$1,FALSE) -> 3 | ... Q15: =VLOOKUP($A15,'ONS - UK Exports by type'!$A$1183:$CX$1418,Calculations!Q$1,FALSE) -> 0 | S15: =SUM(B15:R15) -> 32 | U15: =VLOOKUP($A15,'ONS - UK Exports by type'!$A$1183:$CX$1418,Calculations!U$1,FALSE) -> 182
A16: ='ONS - UK Exports by type'!A1276 -> Hungary | B16: =VLOOKUP($A16,'ONS - UK Exports by type'!$A$1183:$CX$1418,Calculations!B$1,FALSE) -> 17 | C16: =VLOOKUP($A16,'ONS - UK Exports by type'!$A$1183:$CX$1418,Calculations!C$1,FALSE) -> 0 | D16: =VLOOKUP($A16,'ONS - UK Exports by type'!$A$1183:$CX$1418,Calculations!D$1,FALSE) -> 3 | E16: =VLOOKUP($A16,'ONS - UK Exports by type'!$A$1183:$CX$1418,Calculations!E$1,FALSE) -> 0 | F16: =VLOOKUP($A16,'ONS - UK Exports by type'!$A$1183:$CX$1418,Calculations!F$1,FALSE) -> 3 | G16: =VLOOKUP($A16,'ONS - UK Exports by type'!$A$1183:$CX$1418,Calculations!G$1,FALSE) -> 1 | H16: =VLOOKUP($A16,'ONS - UK Exports by type'!$A$1183:$CX$1418,Calculations!H$1,FALSE) -> 1 | I16: =VLOOKUP($A16,'ONS - UK Exports by type'!$A$1183:$CX$1418,Calculations!I$1,FALSE) -> 3 | ... Q16: =VLOOKUP($A16,'ONS - UK Exports by type'!$A$1183:$CX$1418,Calculations!Q$1,FALSE) -> 0 | S16: =SUM(B16:R16) -> 162 | U16: =VLOOKUP($A16,'ONS - UK Exports by type'!$A$1183:$CX$1418,Calculations!U$1,FALSE) -> 1509
A17: ='ONS - UK Exports by type'!A1278 -> Irish Republic | B17: =VLOOKUP($A17,'ONS - UK Exports by type'!$A$1183:$CX$1418,Calculations!B$1,FALSE) -> 204 | C17: =VLOOKUP($A17,'ONS - UK Exports by type'!$A$1183:$CX$1418,Calculations!C$1,FALSE) -> 456 | D17: =VLOOKUP($A17,'ONS - UK Exports by type'!$A$1183:$CX$1418,Calculations!D$1,FALSE) -> 601 | E17: =VLOOKUP($A17,'ONS - UK Exports by type'!$A$1183:$CX$1418,Calculations!E$1,FALSE) -> 66 | F17: =VLOOKUP($A17,'ONS - UK Exports by type'!$A$1183:$CX$1418,Calculations!F$1,FALSE) -> 808 | G17: =VLOOKUP($A17,'ONS - UK Exports by type'!$A$1183:$CX$1418,Calculations!G$1,FALSE) -> 372 | H17: =VLOOKUP($A17,'ONS - UK Exports by type'!$A$1183:$CX$1418,Calculations!H$1,FALSE) -> 129 | I17: =VLOOKUP($A17,'ONS - UK Exports by type'!$A$1183:$CX$1418,Calculations!I$1,FALSE) -> 312 | ... Q17: =VLOOKUP($A17,'ONS - UK Exports by type'!$A$1183:$CX$1418,Calculations!Q$1,FALSE) -> 6 | S17: =SUM(B17:R17) -> 4322 | U17: =VLOOKUP($A17,'ONS - UK Exports by type'!$A$1183:$CX$1418,Calculations!U$1,FALSE) -> 28092
A18: ='ONS - UK Exports by type'!A1286 -> Italy | B18: =VLOOKUP($A18,'ONS - UK Exports by type'!$A$1183:$CX$1418,Calculations!B$1,FALSE) -> 4 | C18: =VLOOKUP($A18,'ONS - UK Exports by type'!$A$1183:$CX$1418,Calculations!C$1,FALSE) -> 47 | D18: =VLOOKUP($A18,'ONS - UK Exports by type'!$A$1183:$CX$1418,Calculations!D$1,FALSE) -> 56 | E18: =VLOOKUP($A18,'ONS - UK Exports by type'!$A$1183:$CX$1418,Calculations!E$1,FALSE) -> 49 | F18: =VLOOKUP($A18,'ONS - UK Exports by type'!$A$1183:$CX$1418,Calculations!F$1,FALSE) -> 49 | G18: =VLOOKUP($A18,'ONS - UK Exports by type'!$A$1183:$CX$1418,Calculations!G$1,FALSE) -> 29 | H18: =VLOOKUP($A18,'ONS - UK Exports by type'!$A$1183:$CX$1418,Calculations!H$1,FALSE) -> 7 | I18: =VLOOKUP($A18,'ONS - UK Exports by type'!$A$1183:$CX$1418,Calculations!I$1,FALSE) -> 18 | ... Q18: =VLOOKUP($A18,'ONS - UK Exports by type'!$A$1183:$CX$1418,Calculations!Q$1,FALSE) -> 1 | S18: =SUM(B18:R18) -> 559 | U18: =VLOOKUP($A18,'ONS - UK Exports by type'!$A$1183:$CX$1418,Calculations!U$1,FALSE) -> 10385
A19: ='ONS - UK Exports by type'!A1309 -> Lithuania | B19: =VLOOKUP($A19,'ONS - UK Exports by type'!$A$1183:$CX$1418,Calculations!B$1,FALSE) -> 0 | C19: =VLOOKUP($A19,'ONS - UK Exports by type'!$A$1183:$CX$1418,Calculations!C$1,FALSE) -> 1 | D19: =VLOOKUP($A19,'ONS - UK Exports by type'!$A$1183:$CX$1418,Calculations!D$1,FALSE) -> 3 | E19: =VLOOKUP($A19,'ONS - UK Exports by type'!$A$1183:$CX$1418,Calculations!E$1,FALSE) -> 22 | F19: =VLOOKUP($A19,'ONS - UK Exports by type'!$A$1183:$CX$1418,Calculations!F$1,FALSE) -> 1 | G19: =VLOOKUP($A19,'ONS - UK Exports by type'!$A$1183:$CX$1418,Calculations!G$1,FALSE) -> 1 | H19: =VLOOKUP($A19,'ONS - UK Exports by type'!$A$1183:$CX$1418,Calculations!H$1,FALSE) -> 0 | I19: =VLOOKUP($A19,'ONS - UK Exports by type'!$A$1183:$CX$1418,Calculations!I$1,FALSE) -> 4 | ... Q19: =VLOOKUP($A19,'ONS - UK Exports by type'!$A$1183:$CX$1418,Calculations!Q$1,FALSE) -> 0 | S19: =SUM(B19:R19) -> 122 | U19: =VLOOKUP($A19,'ONS - UK Exports by type'!$A$1183:$CX$1418,Calculations!U$1,FALSE) -> 805
A20: ='ONS - UK Exports by type'!A1310 -> Luxembourg | B20: =VLOOKUP($A20,'ONS - UK Exports by type'!$A$1183:$CX$1418,Calculations!B$1,FALSE) -> 0 | C20: =VLOOKUP($A20,'ONS - UK Exports by type'!$A$1183:$CX$1418,Calculations!C$1,FALSE) -> 0 | D20: =VLOOKUP($A20,'ONS - UK Exports by type'!$A$1183:$CX$1418,Calculations!D$1,FALSE) -> 7 | E20: =VLOOKUP($A20,'ONS - UK Exports by type'!$A$1183:$CX$1418,Calculations!E$1,FALSE) -> 0 | F20: =VLOOKUP($A20,'ONS - UK Exports by type'!$A$1183:$CX$1418,Calculations!F$1,FALSE) -> 0 | G20: =VLOOKUP($A20,'ONS - UK Exports by type'!$A$1183:$CX$1418,Calculations!G$1,FALSE) -> 0 | H20: =VLOOKUP($A20,'ONS - UK Exports by type'!$A$1183:$CX$1418,Calculations!H$1,FALSE) -> 0 | I20: =VLOOKUP($A20,'ONS - UK Exports by type'!$A$1183:$CX$1418,Calculations!I$1,FALSE) -> 1 | ... Q20: =VLOOKUP($A20,'ONS - UK Exports by type'!$A$1183:$CX$1418,Calculations!Q$1,FALSE) -> 0 | S20: =SUM(B20:R20) -> 57 | U20: =VLOOKUP($A20,'ONS - UK Exports by type'!$A$1183:$CX$1418,Calculations!U$1,FALSE) -> 602
A21: ='ONS - UK Exports by type'!A1311 -> Latvia | B21: =VLOOKUP($A21,'ONS - UK Exports by type'!$A$1183:$CX$1418,Calculations!B$1,FALSE) -> 0 | C21: =VLOOKUP($A21,'ONS - UK Exports by type'!$A$1183:$CX$1418,Calculations!C$1,FALSE) -> 0 | D21: =VLOOKUP($A21,'ONS - UK Exports by type'!$A$1183:$CX$1418,Calculations!D$1,FALSE) -> 1 | E21: =VLOOKUP($A21,'ONS - UK Exports by type'!$A$1183:$CX$1418,Calculations!E$1,FALSE) -> 8 | F21: =VLOOKUP($A21,'ONS - UK Exports by type'!$A$1183:$CX$1418,Calculations!F$1,FALSE) -> 1 | G21: =VLOOKUP($A21,'ONS - UK Exports by type'!$A$1183:$CX$1418,Calculations!G$1,FALSE) -> 0 | H21: =VLOOKUP($A21,'ONS - UK Exports by type'!$A$1183:$CX$1418,Calculations!H$1,FALSE) -> 0 | I21: =VLOOKUP($A21,'ONS - UK Exports by type'!$A$1183:$CX$1418,Calculations!I$1,FALSE) -> 0 | ... Q21: =VLOOKUP($A21,'ONS - UK Exports by type'!$A$1183:$CX$1418,Calculations!Q$1,FALSE) -> 0 | S21: =SUM(B21:R21) -> 151 | U21: =VLOOKUP($A21,'ONS - UK Exports by type'!$A$1183:$CX$1418,Calculations!U$1,FALSE) -> 376
A22: ='ONS - UK Exports by type'!A1326 -> Malta | B22: =VLOOKUP($A22,'ONS - UK Exports by type'!$A$1183:$CX$1418,Calculations!B$1,FALSE) -> 0 | C22: =VLOOKUP($A22,'ONS - UK Exports by type'!$A$1183:$CX$1418,Calculations!C$1,FALSE) -> 3 | D22: =VLOOKUP($A22,'ONS - UK Exports by type'!$A$1183:$CX$1418,Calculations!D$1,FALSE) -> 2 | E22: =VLOOKUP($A22,'ONS - UK Exports by type'!$A$1183:$CX$1418,Calculations!E$1,FALSE) -> 1 | F22: =VLOOKUP($A22,'ONS - UK Exports by type'!$A$1183:$CX$1418,Calculations!F$1,FALSE) -> 9 | G22: =VLOOKUP($A22,'ONS - UK Exports by type'!$A$1183:$CX$1418,Calculations!G$1,FALSE) -> 3 | H22: =VLOOKUP($A22,'ONS - UK Exports by type'!$A$1183:$CX$1418,Calculations!H$1,FALSE) -> 2 | I22: =VLOOKUP($A22,'ONS - UK Exports by type'!$A$1183:$CX$1418,Calculations!I$1,FALSE) -> 6 | ... Q22: =VLOOKUP($A22,'ONS - UK Exports by type'!$A$1183:$CX$1418,Calculations!Q$1,FALSE) -> 0 | S22: =SUM(B22:R22) -> 51 | U22: =VLOOKUP($A22,'ONS - UK Exports by type'!$A$1183:$CX$1418,Calculations!U$1,FALSE) -> 386
A23: ='ONS - UK Exports by type'!A1339 -> Netherlands | B23: =VLOOKUP($A23,'ONS - UK Exports by type'!$A$1183:$CX$1418,Calculations!B$1,FALSE) -> 22 | C23: =VLOOKUP($A23,'ONS - UK Exports by type'!$A$1183:$CX$1418,Calculations!C$1,FALSE) -> 174 | D23: =VLOOKUP($A23,'ONS - UK Exports by type'!$A$1183:$CX$1418,Calculations!D$1,FALSE) -> 223 | E23: =VLOOKUP($A23,'ONS - UK Exports by type'!$A$1183:$CX$1418,Calculations!E$1,FALSE) -> 93 | F23: =VLOOKUP($A23,'ONS - UK Exports by type'!$A$1183:$CX$1418,Calculations!F$1,FALSE) -> 270 | G23: =VLOOKUP($A23,'ONS - UK Exports by type'!$A$1183:$CX$1418,Calculations!G$1,FALSE) -> 103 | H23: =VLOOKUP($A23,'ONS - UK Exports by type'!$A$1183:$CX$1418,Calculations!H$1,FALSE) -> 40 | I23: =VLOOKUP($A23,'ONS - UK Exports by type'!$A$1183:$CX$1418,Calculations!I$1,FALSE) -> 275 | ... Q23: =VLOOKUP($A23,'ONS - UK Exports by type'!$A$1183:$CX$1418,Calculations!Q$1,FALSE) -> 163 | S23: =SUM(B23:R23) -> 2221 | U23: =VLOOKUP($A23,'ONS - UK Exports by type'!$A$1183:$CX$1418,Calculations!U$1,FALSE) -> 30943
A24: ='ONS - UK Exports by type'!A1352 -> Poland | B24: =VLOOKUP($A24,'ONS - UK Exports by type'!$A$1183:$CX$1418,Calculations!B$1,FALSE) -> 10 | C24: =VLOOKUP($A24,'ONS - UK Exports by type'!$A$1183:$CX$1418,Calculations!C$1,FALSE) -> 11 | D24: =VLOOKUP($A24,'ONS - UK Exports by type'!$A$1183:$CX$1418,Calculations!D$1,FALSE) -> 42 | E24: =VLOOKUP($A24,'ONS - UK Exports by type'!$A$1183:$CX$1418,Calculations!E$1,FALSE) -> 59 | F24: =VLOOKUP($A24,'ONS - UK Exports by type'!$A$1183:$CX$1418,Calculations!F$1,FALSE) -> 32 | G24: =VLOOKUP($A24,'ONS - UK Exports by type'!$A$1183:$CX$1418,Calculations!G$1,FALSE) -> 17 | H24: =VLOOKUP($A24,'ONS - UK Exports by type'!$A$1183:$CX$1418,Calculations!H$1,FALSE) -> 18 | I24: =VLOOKUP($A24,'ONS - UK Exports by type'!$A$1183:$CX$1418,Calculations!I$1,FALSE) -> 65 | ... Q24: =VLOOKUP($A24,'ONS - UK Exports by type'!$A$1183:$CX$1418,Calculations!Q$1,FALSE) -> 2 | S24: =SUM(B24:R24) -> 811 | U24: =VLOOKUP($A24,'ONS - UK Exports by type'!$A$1183:$CX$1418,Calculations!U$1,FALSE) -> 7157
A25: ='ONS - UK Exports by type'!A1355 -> Portugal | B25: =VLOOKUP($A25,'ONS - UK Exports by type'!$A$1183:$CX$1418,Calculations!B$1,FALSE) -> 2 | C25: =VLOOKUP($A25,'ONS - UK Exports by type'!$A$1183:$CX$1418,Calculations!C$1,FALSE) -> 14 | D25: =VLOOKUP($A25,'ONS - UK Exports by type'!$A$1183:$CX$1418,Calculations!D$1,FALSE) -> 5 | E25: =VLOOKUP($A25,'ONS - UK Exports by type'!$A$1183:$CX$1418,Calculations!E$1,FALSE) -> 10 | F25: =VLOOKUP($A25,'ONS - UK Exports by type'!$A$1183:$CX$1418,Calculations!F$1,FALSE) -> 45 | G25: =VLOOKUP($A25,'ONS - UK Exports by type'!$A$1183:$CX$1418,Calculations!G$1,FALSE) -> 7 | H25: =VLOOKUP($A25,'ONS - UK Exports by type'!$A$1183:$CX$1418,Calculations!H$1,FALSE) -> 1 | I25: =VLOOKUP($A25,'ONS - UK Exports by type'!$A$1183:$CX$1418,Calculations!I$1,FALSE) -> 4 | ... Q25: =VLOOKUP($A25,'ONS - UK Exports by type'!$A$1183:$CX$1418,Calculations!Q$1,FALSE) -> 0 | S25: =SUM(B25:R25) -> 209 | U25: =VLOOKUP($A25,'ONS - UK Exports by type'!$A$1183:$CX$1418,Calculations!U$1,FALSE) -> 1426
A26: ='ONS - UK Exports by type'!A1359 -> Romania | B26: =VLOOKUP($A26,'ONS - UK Exports by type'!$A$1183:$CX$1418,Calculations!B$1,FALSE) -> 0 | C26: =VLOOKUP($A26,'ONS - UK Exports by type'!$A$1183:$CX$1418,Calculations!C$1,FALSE) -> 4 | D26: =VLOOKUP($A26,'ONS - UK Exports by type'!$A$1183:$CX$1418,Calculations!D$1,FALSE) -> 5 | E26: =VLOOKUP($A26,'ONS - UK Exports by type'!$A$1183:$CX$1418,Calculations!E$1,FALSE) -> 1 | F26: =VLOOKUP($A26,'ONS - UK Exports by type'!$A$1183:$CX$1418,Calculations!F$1,FALSE) -> 4 | G26: =VLOOKUP($A26,'ONS - UK Exports by type'!$A$1183:$CX$1418,Calculations!G$1,FALSE) -> 1 | H26: =VLOOKUP($A26,'ONS - UK Exports by type'!$A$1183:$CX$1418,Calculations!H$1,FALSE) -> 3 | I26: =VLOOKUP($A26,'ONS - UK Exports by type'!$A$1183:$CX$1418,Calculations!I$1,FALSE) -> 4 | ... Q26: =VLOOKUP($A26,'ONS - UK Exports by type'!$A$1183:$CX$1418,Calculations!Q$1,FALSE) -> 0 | S26: =SUM(B26:R26) -> 246 | U26: =VLOOKUP($A26,'ONS - UK Exports by type'!$A$1183:$CX$1418,Calculations!U$1,FALSE) -> 1316
A27: ='ONS - UK Exports by type'!A1367 -> Sweden | B27: =VLOOKUP($A27,'ONS - UK Exports by type'!$A$1183:$CX$1418,Calculations!B$1,FALSE) -> 7 | C27: =VLOOKUP($A27,'ONS - UK Exports by type'!$A$1183:$CX$1418,Calculations!C$1,FALSE) -> 6 | D27: =VLOOKUP($A27,'ONS - UK Exports by type'!$A$1183:$CX$1418,Calculations!D$1,FALSE) -> 17 | E27: =VLOOKUP($A27,'ONS - UK Exports by type'!$A$1183:$CX$1418,Calculations!E$1,FALSE) -> 10 | F27: =VLOOKUP($A27,'ONS - UK Exports by type'!$A$1183:$CX$1418,Calculations!F$1,FALSE) -> 35 | G27: =VLOOKUP($A27,'ONS - UK Exports by type'!$A$1183:$CX$1418,Calculations!G$1,FALSE) -> 5 | H27: =VLOOKUP($A27,'ONS - UK Exports by type'!$A$1183:$CX$1418,Calculations!H$1,FALSE) -> 10 | I27: =VLOOKUP($A27,'ONS - UK Exports by type'!$A$1183:$CX$1418,Calculations!I$1,FALSE) -> 14 | ... Q27: =VLOOKUP($A27,'ONS - UK Exports by type'!$A$1183:$CX$1418,Calculations!Q$1,FALSE) -> 3 | S27: =SUM(B27:R27) -> 270 | U27: =VLOOKUP($A27,'ONS - UK Exports by type'!$A$1183:$CX$1418,Calculations!U$1,FALSE) -> 4969
A28: ='ONS - UK Exports by type'!A1370 -> Slovenia | B28: =VLOOKUP($A28,'ONS - UK Exports by type'!$A$1183:$CX$1418,Calculations!B$1,FALSE) -> 0 | C28: =VLOOKUP($A28,'ONS - UK Exports by type'!$A$1183:$CX$1418,Calculations!C$1,FALSE) -> 0 | D28: =VLOOKUP($A28,'ONS - UK Exports by type'!$A$1183:$CX$1418,Calculations!D$1,FALSE) -> 0 | E28: =VLOOKUP($A28,'ONS - UK Exports by type'!$A$1183:$CX$1418,Calculations!E$1,FALSE) -> 0 | F28: =VLOOKUP($A28,'ONS - UK Exports by type'!$A$1183:$CX$1418,Calculations!F$1,FALSE) -> 1 | G28: =VLOOKUP($A28,'ONS - UK Exports by type'!$A$1183:$CX$1418,Calculations!G$1,FALSE) -> 0 | H28: =VLOOKUP($A28,'ONS - UK Exports by type'!$A$1183:$CX$1418,Calculations!H$1,FALSE) -> 1 | I28: =VLOOKUP($A28,'ONS - UK Exports by type'!$A$1183:$CX$1418,Calculations!I$1,FALSE) -> 0 | ... Q28: =VLOOKUP($A28,'ONS - UK Exports by type'!$A$1183:$CX$1418,Calculations!Q$1,FALSE) -> 0 | S28: =SUM(B28:R28) -> 19 | U28: =VLOOKUP($A28,'ONS - UK Exports by type'!$A$1183:$CX$1418,Calculations!U$1,FALSE) -> 254
A29: ='ONS - UK Exports by type'!A1371 -> Slovakia | B29: =VLOOKUP($A29,'ONS - UK Exports by type'!$A$1183:$CX$1418,Calculations!B$1,FALSE) -> 1 | C29: =VLOOKUP($A29,'ONS - UK Exports by type'!$A$1183:$CX$1418,Calculations!C$1,FALSE) -> 0 | D29: =VLOOKUP($A29,'ONS - UK Exports by type'!$A$1183:$CX$1418,Calculations!D$1,FALSE) -> 1 | E29: =VLOOKUP($A29,'ONS - UK Exports by type'!$A$1183:$CX$1418,Calculations!E$1,FALSE) -> 0 | F29: =VLOOKUP($A29,'ONS - UK Exports by type'!$A$1183:$CX$1418,Calculations!F$1,FALSE) -> 1 | G29: =VLOOKUP($A29,'ONS - UK Exports by type'!$A$1183:$CX$1418,Calculations!G$1,FALSE) -> 0 | H29: =VLOOKUP($A29,'ONS - UK Exports by type'!$A$1183:$CX$1418,Calculations!H$1,FALSE) -> 0 | I29: =VLOOKUP($A29,'ONS - UK Exports by type'!$A$1183:$CX$1418,Calculations!I$1,FALSE) -> 7 | ... Q29: =VLOOKUP($A29,'ONS - UK Exports by type'!$A$1183:$CX$1418,Calculations!Q$1,FALSE) -> 0 | S29: =SUM(B29:R29) -> 31 | U29: =VLOOKUP($A29,'ONS - UK Exports by type'!$A$1183:$CX$1418,Calculations!U$1,FALSE) -> 937
A30: EU total | B30: =SUM(B3:B29) -> 358 | C30: =SUM(C3:C29) -> 1593 | D30: =SUM(D3:D29) -> 1499 | E30: =SUM(E3:E29) -> 1253 | F30: =SUM(F3:F29) -> 2022 | G30: =SUM(G3:G29) -> 716 | H30: =SUM(H3:H29) -> 292 | I30: =SUM(I3:I29) -> 1036 | ... Q30: =SUM(Q3:Q29) -> 225 | S30: =SUM(B30:R30) -> 16622 | U30: =SUM(U3:U29) -> 186363
A32: World | B32: ='ONS - UK Exports by type'!E1424 -> 618 | C32: ='ONS - UK Exports by type'!F1424 -> 2065 | D32: ='ONS - UK Exports by type'!G1424 -> 2154 | E32: ='ONS - UK Exports by type'!H1424 -> 1806 | F32: ='ONS - UK Exports by type'!I1424 -> 2954 | G32: ='ONS - UK Exports by type'!J1424 -> 1047 | H32: ='ONS - UK Exports by type'!K1424 -> 604 | I32: ='ONS - UK Exports by type'!L1424 -> 2115 | ... L32: ='ONS - UK Exports by type'!O1424 -> 12048 | M32: ='ONS - UK Exports by type'!Q1424 -> 58 | N32: ='ONS - UK Exports by type'!X1424 -> 403 | O32: ='ONS - UK Exports by type'!AD1424 -> 126 | P32: ='ONS - UK Exports by type'!AE1424 -> 261 | Q32: ='ONS - UK Exports by type'!AF1424 -> 246 | S32: =SUM(B32:R32) -> 30198 | U32: ='ONS - UK Exports by type'!D1424 -> 393516
A34: Agrifood to EU | B34: =S30 -> 16622
A35: Total exports | B35: =U32 -> 393516
A36: EU agrifood as % of total | B36: =100*(B34/B35) -> 4.2239706
A38: GDP | B38: 2711185
A39: EU agrifood as % of GDP | B39: =100*(B34/B38) -> 0.61308985

Sheet ONS - UK Exports by type
A1: 1 | B1: =+A1+1 -> 2 | C1: =+B1+1 -> 3 | D1: =+C1+1 -> 4 | E1: =+D1+1 -> 5 | F1: =+E1+1 -> 6 | G1: =+F1+1 -> 7 | H1: =+G1+1 -> 8 | I1: =+H1+1 -> 9 | ... CX1: =+CW1+1 -> 102
A2: CountryName | B2: CountryId | C2: Year | D2: Total | E2: Live animals | F2: Meat & meat preparations | G2: Dairy products & eggs | H2: Fish and shellfish | I2: Cereals | J2: Vegetables & fruit | K2: Sugar | L2: Coffee, tea, cocoa etc | M2: Animal feeding stuffs | N2: Miscellaneous foods | O2: Beverages & tobacco | P2: Hides, skins & furskins | Q2: Oil-seeds & oleaginous fruits | R2: Crude rubber | S2: Wood & cork | T2: Pulp & waste paper | U2: Textile fibres | V2: Crude minerals & fertilisers | W2: Metal ores & scrap | X2: Other crude animal & vegetable materials | Y2: Coal, coke & briquettes | Z2: Crude oil | AA2: Refined oil | AB2: Gas | AC2: Electricity | AD2: Animal oils & fats | AE2: Vegetable oils & fats | AF2: Processed oils & fats | AG2: Organic chemicals | AH2: Inorganic chemicals | AI2: Dyeing, tanning & colouring materials | AJ2: Medicinal & pharmaceutical products | AK2: Toilet & cleansing preparations | AL2: Processed fertilisers | AM2: Plastics in primary forms | AN2: Plastics in non-primary forms | AO2: Other chemicals | AP2: Leather manufactures | AQ2: Rubber manufactures | AR2: Wood & cork manufactures | AS2: Paper & paperboard | AT2: Textile fabrics | AU2: Mineral manufactures | AV2: Iron & steel | AW2: Non-ferrous metals | AX2: Miscellaneous metal manufactures | AY2: Electric motors (intermediate) | AZ2: Electric motors (capital) | BA2: Mechanical power generators (consumer) | BB2: Mechanical power generators (intermediate) | BC2: Mechanical power generators (capital) | BD2: Specialised machinery (consumer) | BE2: Specialised machinery (intermediate) | BF2: Specialised machinery (capital) | BG2: Metal working machinery (intermediate) | BH2: Metal working machinery (capital) | BI2: General industrial machinery (consumer) | BJ2: General industrial machinery (intermediate) | BK2: General industrial machinery (capital) | BL2: Office machinery (consumer) | BM2: Office machinery (intermediate) | BN2: Office machinery (capital) | BO2: Telecoms & sound equipment (consumer) | BP2: Telecoms & sound equipment (intermediate) | BQ2: Telecoms & sound equipment (capital) | BR2: Miscellaneous electrical goods (consumer) | BS2: Miscellaneous electrical goods (intermediate) | BT2: Miscellaneous electrical goods (capital) | BU2: Road vehicles other than cars (consumer) | BV2: Road vehicles other than cars (intermediate) | BW2: Road vehicles other than cars (capital) | BX2: Cars | BY2: Railway equipment (intermediate) | BZ2: Railway equipment (capital) | CA2: Aircraft | CB2: Ships | CC2: Plumbing, heating & lighting fixtures (consumer) | CD2: Plumbing, heating & lighting fixtures (intermediate) | CE2: Plumbing, heating & lighting fixtures (capital) | CF2: Furniture (consumer) | CG2: Furniture (intermediate) | CH2: Furniture (capital) | CI2: Travel goods, handbags etc | CJ2: Clothing | CK2: Footwear | CL2: Scientific instruments (consumer) | CM2: Scientific instruments (intermediate) | CN2: Scientific instruments (capital) | CO2: Photographic & optical goods & clocks (consumer) | CP2: Photographic & optical goods & clocks (intermediate) | CQ2: Photographic & optical goods & clocks (capital) | CR2: Works of art | CS2: Jewellery | CT2: Other manufactures (intermediate) | CU2: Other manufactures (capital) | CV2: Other manufactures (consumer) | CW2: Unspecified goods | CX2: Unspecified goods
A3: Andorra | B3: AD | C3: 2018 | D3: 9 | E3: 0 | F3: 0 | G3: 0 | H3: 0 | I3: 0 | J3: 0 | K3: 0 | L3: 0 | M3: 0 | N3: 0 | O3: 6 | P3: 0 | Q3: 0 | R3: 0 | S3: 0 | T3: 0 | U3: 0 | V3: 0 | W3: 0 | X3: 0 | Y3: 0 | Z3: 0 | AA3: 0 | AB3: 0 | AC3: 0 | AD3: 0 | AE3: 0 | AF3: 0 | AG3: 0 | AH3: 0 | AI3: 0 | AJ3: 0 | AK3: 0 | AL3: 0 | AM3: 0 | AN3: 0 | AO3: 0 | AP3: 0 | AQ3: 0 | AR3: 0 | AS3: 0 | AT3: 0 | AU3: 0 | AV3: 0 | AW3: 0 | AX3: 0 | AY3: 0 | AZ3: 0 | BA3: 0 | BB3: 0 | BC3: 0 | BD3: 0 | BE3: 0 | BF3: 0 | BG3: 0 | BH3: 0 | BI3: 0 | BJ3: 0 | BK3: 0 | BL3: 0 | BM3: 0 | BN3: 0 | BO3: 0 | BP3: 0 | BQ3: 0 | BR3: 0 | BS3: 0 | BT3: 0 | BU3: 0 | BV3: 0 | BW3: 0 | BX3: 0 | BY3: 0 | BZ3: 0 | CA3: 0 | CB3: 0 | CC3: 0 | CD3: 0 | CE3: 0 | CF3: 0 | CG3: 0 | CH3: 0 | CI3: 0 | CJ3: 0 | CK3: 0 | CL3: 0 | CM3: 0 | CN3: 0 | CO3: 0 | CP3: 0 | CQ3: 0 | CR3: 1 | CS3: 0 | CT3: 0 | CU3: 0 | CV3: 0 | CW3: 0 | CX3: 0
A4: United Arab Emirates | B4: AE | C4: 2018 | D4: 6458 | E4: 16 | F4: 1 | G4: 21 | H4: 8 | I4: 57 | J4: 26 | K4: 8 | L4: 33 | M4: 8 | N4: 39 | O4: 187 | P4: 0 | Q4: 1 | R4: 1 | S4: 2 | T4: 0 | U4: 21 | V4: 5 | W4: 4 | X4: 1 | Y4: 0 | Z4: 0 | AA4: 6 | AB4: 0 | AC4: 0 | AD4: 0 | AE4: 1 | AF4: 0 | AG4: 19 | AH4: 2 | AI4: 36 | AJ4: 180 | AK4: 127 | AL4: 0 | AM4: 14 | AN4: 28 | AO4: 41 | AP4: 4 | AQ4: 26 | AR4: 4 | AS4: 75 | AT4: 29 | AU4: 36 | AV4: 51 | AW4: 66 | AX4: 86 | AY4: 25 | AZ4: 75 | BA4: 0 | BB4: 2267 | BC4: 53 | BD4: 0 | BE4: 35 | BF4: 47 | BG4: 4 | BH4: 4 | BI4: 5 | BJ4: 167 | BK4: 123 | BL4: 0 | BM4: 7 | BN4: 84 | BO4: 2 | BP4: 20 | BQ4: 163 | BR4: 9 | BS4: 170 | BT4: 69 | BU4: 1 | BV4: 34 | BW4: 6 | BX4: 617 | BY4: 1 | BZ4: 0 | CA4: 148 | CB4: 28 | CC4: 1 | CD4: 31 | CE4: 1 | CF4: 19 | CG4: 17 | CH4: 14 | CI4: 10 | CJ4: 81 | CK4: 10 | CL4: 0 | CM4: 44 | CN4: 194 | CO4: 28 | CP4: 5 | CQ4: 0 | CR4: 95 | CS4: 90 | CT4: 25 | CU4: 9 | CV4: 233 | CW4: 121 | CX4: 121
A5: Afghanistan | B5: AF | C5: 2018 | D5: 111 | E5: 0 | F5: 0 | G5: 0 | H5: 0 | I5: 0 | J5: 0 | K5: 0 | L5: 0 | M5: 0 | N5: 0 | O5: 79 | P5: 0 | Q5: 0 | R5: 0 | S5: 0 | T5: 0 | U5: 0 | V5: 0 | W5: 0 | X5: 0 | Y5: 0 | Z5: 0 | AA5: 0 | AB5: 0 | AC5: 0 | AD5: 0 | AE5: 0 | AF5: 0 | AG5: 0 | AH5: 0 | AI5: 0 | AJ5: 0 | AK5: 0 | AL5: 0 | AM5: 0 | AN5: 0 | AO5: 0 | AP5: 0 | AQ5: 1 | AR5: 0 | AS5: 0 | AT5: 0 | AU5: 0 | AV5: 0 | AW5: 0 | AX5: 0 | AY5: 0 | AZ5: 3 | BA5: 0 | BB5: 1 | BC5: 0 | BD5: 0 | BE5: 0 | BF5: 2 | BG5: 0 | BH5: 0 | BI5: 0 | BJ5: 0 | BK5: 1 | BL5: 0 | BM5: 0 | BN5: 0 | BO5: 0 | BP5: 0 | BQ5: 8 | BR5: 0 | BS5: 0 | BT5: 0 | BU5: 0 | BV5: 0 | BW5: 0 | BX5: 5 | BY5: 0 | BZ5: 0 | CA5: 2 | CB5: 0 | CC5: 0 | CD5: 0 | CE5: 0 | CF5: 0 | CG5: 0 | CH5: 0 | CI5: 0 | CJ5: 0 | CK5: 0 | CL5: 0 | CM5: 0 | CN5: 2 | CO5: 0 | CP5: 0 | CQ5: 0 | CR5: 0 | CS5: 0 | CT5: 0 | CU5: 0 | CV5: 0 | CW5: 0 | CX5: 0
A6: Antigua & Barbuda | B6: AG | C6: 2018 | D6: 18 | E6: 0 | F6: 0 | G6: 1 | H6: 0 | I6: 0 | J6: 0 | K6: 0 | L6: 0 | M6: 0 | N6: 1 | O6: 2 | P6: 0 | Q6: 0 | R6: 0 | S6: 0 | T6: 0 | U6: 0 | V6: 0 | W6: 0 | X6: 0 | Y6: 0 | Z6: 0 | AA6: 0 | AB6: 0 | AC6: 0 | AD6: 0 | AE6: 0 | AF6: 0 | AG6: 0 | AH6: 0 | AI6: 0 | AJ6: 1 | AK6: 0 | AL6: 0 | AM6: 0 | AN6: 0 | AO6: 0 | AP6: 0 | AQ6: 0 | AR6: 0 | AS6: 0 | AT6: 1 | AU6: 1 | AV6: 0 | AW6: 0 | AX6: 1 | AY6: 0 | AZ6: 0 | BA6: 0 | BB6: 0 | BC6: 0 | BD6: 0 | BE6: 0 | BF6: 0 | BG6: 0 | BH6: 0 | BI6: 0 | BJ6: 0 | BK6: 0 | BL6: 0 | BM6: 0 | BN6: 0 | BO6: 0 | BP6: 0 | BQ6: 0 | BR6: 0 | BS6: 0 | BT6: 0 | BU6: 0 | BV6: 0 | BW6: 0 | BX6: 0 | BY6: 0 | BZ6: 0 | CA6: 0 | CB6: 3 | CC6: 0 | CD6: 0 | CE6: 0 | CF6: 1 | CG6: 0 | CH6: 0 | CI6: 0 | CJ6: 0 | CK6: 0 | CL6: 0 | CM6: 0 | CN6: 0 | CO6: 0 | CP6: 0 | CQ6: 0 | CR6: 0 | CS6: 0 | CT6: 0 | CU6: 0 | CV6: 1 | CW6: 0 | CX6: 0
A7: Anguilla | B7: AI | C7: 2018 | D7: 0 | E7: 0 | F7: 0 | G7: 0 | H7: 0 | I7: 0 | J7: 0 | K7: 0 | L7: 0 | M7: 0 | N7: 0 | O7: 0 | P7: 0 | Q7: 0 | R7: 0 | S7: 0 | T7: 0 | U7: 0 | V7: 0 | W7: 0 | X7: 0 | Y7: 0 | Z7: 0 | AA7: 0 | AB7: 0 | AC7: 0 | AD7: 0 | AE7: 0 | AF7: 0 | AG7: 0 | AH7: 0 | AI7: 0 | AJ7: 0 | AK7: 0 | AL7: 0 | AM7: 0 | AN7: 0 | AO7: 0 | AP7: 0 | AQ7: 0 | AR7: 0 | AS7: 0 | AT7: 0 | AU7: 0 | AV7: 0 | AW7: 0 | AX7: 0 | AY7: 0 | AZ7: 0 | BA7: 0 | BB7: 0 | BC7: 0 | BD7: 0 | BE7: 0 | BF7: 0 | BG7: 0 | BH7: 0 | BI7: 0 | BJ7: 0 | BK7: 0 | BL7: 0 | BM7: 0 | BN7: 0 | BO7: 0 | BP7: 0 | BQ7: 0 | BR7: 0 | BS7: 0 | BT7: 0 | BU7: 0 | BV7: 0 | BW7: 0 | BX7: 0 | BY7: 0 | BZ7: 0 | CA7: 0 | CB7: 0 | CC7: 0 | CD7: 0 | CE7: 0 | CF7: 0 | CG7: 0 | CH7: 0 | CI7: 0 | CJ7: 0 | CK7: 0 | CL7: 0 | CM7: 0 | CN7: 0 | CO7: 0 | CP7: 0 | CQ7: 0 | CR7: 0 | CS7: 0 | CT7: 0 | CU7: 0 | CV7: 0 | CW7: 0 | CX7: 0
A8: Albania | B8: AL | C8: 2018 | D8: 18 | E8: 0 | F8: 1 | G8: 0 | H8: 0 | I8: 0 | J8: 0 | K8: 0 | L8: 0 | M8: 0 | N8: 0 | O8: 1 | P8: 0 | Q8: 0 | R8: 0 | S8: 0 | T8: 0 | U8: 0 | V8: 0 | W8: 0 | X8: 0 | Y8: 0 | Z8: 0 | AA8: 0 | AB8: 0 | AC8: 0 | AD8: 0 | AE8: 0 | AF8: 0 | AG8: 0 | AH8: 0 | AI8: 1 | AJ8: 1 | AK8: 1 | AL8: 0 | AM8: 0 | AN8: 0 | AO8: 0 | AP8: 0 | AQ8: 0 | AR8: 0 | AS8: 0 | AT8: 0 | AU8: 1 | AV8: 0 | AW8: 0 | AX8: 1 | AY8: 0 | AZ8: 0 | BA8: 0 | BB8: 0 | BC8: 0 | BD8: 0 | BE8: 0 | BF8: 0 | BG8: 0 | BH8: 0 | BI8: 0 | BJ8: 0 | BK8: 3 | BL8: 0 | BM8: 0 | BN8: 0 | BO8: 0 | BP8: 0 | BQ8: 0 | BR8: 0 | BS8: 1 | BT8: 0 | BU8: 0 | BV8: 1 | BW8: 0 | BX8: 0 | BY8: 0 | BZ8: 0 | CA8: 0 | CB8: 0 | CC8: 0 | CD8: 0 | CE8: 0 | CF8: 0 | CG8: 1 | CH8: 0 | CI8: 0 | CJ8: 0 | CK8: 0 | CL8: 0 | CM8: 0 | CN8: 0 | CO8: 0 | CP8: 0 | CQ8: 0 | CR8: 0 | CS8: 0 | CT8: 0 | CU8: 0 | CV8: 1 | CW8: 0 | CX8: 0
A9: Armenia | B9: AM | C9: 2018 | D9: 17 | E9: 0 | F9: 0 | G9: 0 | H9: 0 | I9: 0 | J9: 0 | K9: 0 | L9: 0 | M9: 0 | N9: 0 | O9: 2 | P9: 0 | Q9: 0 | R9: 0 | S9: 0 | T9: 0 | U9: 0 | V9: 0 | W9: 0 | X9: 0 | Y9: 0 | Z9: 0 | AA9: 0 | AB9: 0 | AC9: 0 | AD9: 0 | AE9: 0 | AF9: 0 | AG9: 0 | AH9: 0 | AI9: 0 | AJ9: 0 | AK9: 2 | AL9: 0 | AM9: 0 | AN9: 0 | AO9: 0 | AP9: 0 | AQ9: 0 | AR9: 0 | AS9: 0 | AT9: 0 | AU9: 0 | AV9: 0 | AW9: 0 | AX9: 0 | AY9: 0 | AZ9: 0 | BA9: 0 | BB9: 0 | BC9: 0 | BD9: 0 | BE9: 1 | BF9: 4 | BG9: 0 | BH9: 0 | BI9: 0 | BJ9: 1 | BK9: 1 | BL9: 0 | BM9: 0 | BN9: 0 | BO9: 0 | BP9: 0 | BQ9: 0 | BR9: 0 | BS9: 0 | BT9: 1 | BU9: 0 | BV9: 0 | BW9: 0 | BX9: 0 | BY9: 0 | BZ9: 0 | CA9: 0 | CB9: 0 | CC9: 0 | CD9: 0 | CE9: 0 | CF9: 0 | CG9: 0 | CH9: 0 | CI9: 0 | CJ9: 0 | CK9: 0 | CL9: 0 | CM9: 0 | CN9: 1 | CO9: 0 | CP9: 0 | CQ9: 0 | CR9: 0 | CS9: 0 | CT9: 0 | CU9: 0 | CV9: 0 | CW9: 0 | CX9: 0
A10: Angola | B10: AO | C10: 2018 | D10: 209 | E10: 0 | F10: 7 | G10: 4 | H10: 0 | I10: 1 | J10: 0 | K10: 0 | L10: 0 | M10: 0 | N10: 0 | O10: 5 | P10: 0 | Q10: 0 | R10: 0 | S10: 0 | T10: 0 | U10: 1 | V10: 0 | W10: 0 | X10: 0 | Y10: 0 | Z10: 0 | AA10: 1 | AB10: 0 | AC10: 0 | AD10: 0 | AE10: 0 | AF10: 0 | AG10: 6 | AH10: 2 | AI10: 9 | AJ10: 0 | AK10: 1 | AL10: 0 | AM10: 2 | AN10: 0 | AO10: 16 | AP10: 0 | AQ10: 6 | AR10: 0 | AS10: 0 | AT10: 1 | AU10: 1 | AV10: 4 | AW10: 0 | AX10: 8 | AY10: 1 | AZ10: 1 | BA10: 0 | BB10: 50 | BC10: 1 | BD10: 0 | BE10: 6 | BF10: 6 | BG10: 0 | BH10: 0 | BI10: 0 | BJ10: 14 | BK10: 10 | BL10: 0 | BM10: 0 | BN10: 2 | BO10: 0 | BP10: 0 | BQ10: 3 | BR10: 0 | BS10: 12 | BT10: 2 | BU10: 0 | BV10: 1 | BW10: 1 | BX10: 1 | BY10: 0 | BZ10: 0 | CA10: 1 | CB10: 1 | CC10: 0 | CD10: 0 | CE10: 0 | CF10: 0 | CG10: 0 | CH10: 0 | CI10: 0 | CJ10: 1 | CK10: 0 | CL10: 0 | CM10: 2 | CN10: 11 | CO10: 0 | CP10: 0 | CQ10: 0 | CR10: 0 | CS10: 0 | CT10: 4 | CU10: 0 | CV10: 1 | CW10: 2 | CX10: 2
A11: Antarctica | B11: AQ | C11: 2018 | D11: 0 | E11: 0 | F11: 0 | G11: 0 | H11: 0 | I11: 0 | J11: 0 | K11: 0 | L11: 0 | M11: 0 | N11: 0 | O11: 0 | P11: 0 | Q11: 0 | R11: 0 | S11: 0 | T11: 0 | U11: 0 | V11: 0 | W11: 0 | X11: 0 | Y11: 0 | Z11: 0 | AA11: 0 | AB11: 0 | AC11: 0 | AD11: 0 | AE11: 0 | AF11: 0 | AG11: 0 | AH11: 0 | AI11: 0 | AJ11: 0 | AK11: 0 | AL11: 0 | AM11: 0 | AN11: 0 | AO11: 0 | AP11: 0 | AQ11: 0 | AR11: 0 | AS11: 0 | AT11: 0 | AU11: 0 | AV11: 0 | AW11: 0 | AX11: 0 | AY11: 0 | AZ11: 0 | BA11: 0 | BB11: 0 | BC11: 0 | BD11: 0 | BE11: 0 | BF11: 0 | BG11: 0 | BH11: 0 | BI11: 0 | BJ11: 0 | BK11: 0 | BL11: 0 | BM11: 0 | BN11: 0 | BO11: 0 | BP11: 0 | BQ11: 0 | BR11: 0 | BS11: 0 | BT11: 0 | BU11: 0 | BV11: 0 | BW11: 0 | BX11: 0 | BY11: 0 | BZ11: 0 | CA11: 0 | CB11: 0 | CC11: 0 | CD11: 0 | CE11: 0 | CF11: 0 | CG11: 0 | CH11: 0 | CI11: 0 | CJ11: 0 | CK11: 0 | CL11: 0 | CM11: 0 | CN11: 0 | CO11: 0 | CP11: 0 | CQ11: 0 | CR11: 0 | CS11: 0 | CT11: 0 | CU11: 0 | CV11: 0 | CW11: 0 | CX11: 0
A12: Argentina | B12: AR | C12: 2018 | D12: 386 | E12: 0 | F12: 0 | G12: 0 | H12: 0 | I12: 0 | J12: 0 | K12: 0 | L12: 3 | M12: 1 | N12: 2 | O12: 16 | P12: 1 | Q12: 0 | R12: 1 | S12: 0 | T12: 0 | U12: 0 | V12: 2 | W12: 0 | X12: 0 | Y12: 0 | Z12: 0 | AA12: 2 | AB12: 0 | AC12: 0 | AD12: 0 | AE12: 0 | AF12: 0 | AG12: 11 | AH12: 2 | AI12: 4 | AJ12: 99 | AK12: 21 | AL12: 1 | AM12: 5 | AN12: 4 | AO12: 17 | AP12: 0 | AQ12: 1 | AR12: 0 | AS12: 2 | AT12: 1 | AU12: 3 | AV12: 3 | AW12: 57 | AX12: 7 | AY12: 0 | AZ12: 3 | BA12: 0 | BB12: 7 | BC12: 2 | BD12: 0 | BE12: 4 | BF12: 13 | BG12: 0 | BH12: 0 | BI12: 0 | BJ12: 10 | BK12: 10 | BL12: 0 | BM12: 0 | BN12: 1 | BO12: 0 | BP12: 0 | BQ12: 3 | BR12: 1 | BS12: 6 | BT12: 7 | BU12: 0 | BV12: 4 | BW12: 1 | BX12: 5 | BY12: 2 | BZ12: 0 | CA12: 1 | CB12: 0 | CC12: 0 | CD12: 0 | CE12: 0 | CF12: 0 | CG12: 0 | CH12: 0 | CI12: 0 | CJ12: 0 | CK12: 0 | CL12: 0 | CM12: 3 | CN12: 15 | CO12: 0 | CP12: 0 | CQ12: 0 | CR12: 3 | CS12: 0 | CT12: 2 | CU12: 0 | CV12: 13 | CW12: 2 | CX12: 2
A13: American Samoa | B13: AS | C13: 2018 | D13: 0 | E13: 0 | F13: 0 | G13: 0 | H13: 0 | I13: 0 | J13: 0 | K13: 0 | L13: 0 | M13: 0 | N13: 0 | O13: 0 | P13: 0 | Q13: 0 | R13: 0 | S13: 0 | T13: 0 | U13: 0 | V13: 0 | W13: 0 | X13: 0 | Y13: 0 | Z13: 0 | AA13: 0 | AB13: 0 | AC13: 0 | AD13: 0 | AE13: 0 | AF13: 0 | AG13: 0 | AH13: 0 | AI13: 0 | AJ13: 0 | AK13: 0 | AL13: 0 | AM13: 0 | AN13: 0 | AO13: 0 | AP13: 0 | AQ13: 0 | AR13: 0 | AS13: 0 | AT13: 0 | AU13: 0 | AV13: 0 | AW13: 0 | AX13: 0 | AY13: 0 | AZ13: 0 | BA13: 0 | BB13: 0 | BC13: 0 | BD13: 0 | BE13: 0 | BF13: 0 | BG13: 0 | BH13: 0 | BI13: 0 | BJ13: 0 | BK13: 0 | BL13: 0 | BM13: 0 | BN13: 0 | BO13: 0 | BP13: 0 | BQ13: 0 | BR13: 0 | BS13: 0 | BT13: 0 | BU13: 0 | BV13: 0 | BW13: 0 | BX13: 0 | BY13: 0 | BZ13: 0 | CA13: 0 | CB13: 0 | CC13: 0 | CD13: 0 | CE13: 0 | CF13: 0 | CG13: 0 | CH13: 0 | CI13: 0 | CJ13: 0 | CK13: 0 | CL13: 0 | CM13: 0 | CN13: 0 | CO13: 0 | CP13: 0 | CQ13: 0 | CR13: 0 | CS13: 0 | CT13: 0 | CU13: 0 | CV13: 0 | CW13: 0 | CX13: 0
A14: Austria | B14: AT | C14: 2018 | D14: 2069 | E14: 0 | F14: 11 | G14: 2 | H14: 2 | I14: 6 | J14: 7 | K14: 4 | L14: 7 | M14: 6 | N14: 16 | O14: 30 | P14: 0 | Q14: 0 | R14: 0 | S14: 0 | T14: 5 | U14: 1 | V14: 2 | W14: 18 | X14: 1 | Y14: 0 | Z14: 0 | AA14: 17 | AB14: 0 | AC14: 0 | AD14: 0 | AE14: 0 | AF14: 0 | AG14: 21 | AH14: 4 | AI14: 40 | AJ14: 200 | AK14: 18 | AL14: 1 | AM14: 36 | AN14: 22 | AO14: 37 | AP14: 1 | AQ14: 17 | AR14: 1 | AS14: 14 | AT14: 27 | AU14: 42 | AV14: 23 | AW14: 77 | AX14: 57 | AY14: 0 | AZ14: 9 | BA14: 0 | BB14: 183 | BC14: 19 | BD14: 0 | BE14: 18 | BF14: 60 | BG14: 2 | BH14: 3 | BI14: 1 | BJ14: 32 | BK14: 61 | BL14: 0 | BM14: 5 | BN14: 34 | BO14: 3 | BP14: 8 | BQ14: 36 | BR14: 3 | BS14: 88 | BT14: 46 | BU14: 2 | BV14: 90 | BW14: 11 | BX14: 246 | BY14: 2 | BZ14: 0 | CA14: 9 | CB14: 3 | CC14: 0 | CD14: 5 | CE14: 0 | CF14: 3 | CG14: 3 | CH14: 8 | CI14: 10 | CJ14: 87 | CK14: 22 | CL14: 0 | CM14: 4 | CN14: 46 | CO14: 6 | CP14: 7 | CQ14: 0 | CR14: 9 | CS14: 4 | CT14: 17 | CU14: 22 | CV14: 73 | CW14: 2 | CX14: 2
... A1424: Whole World | B1424: W1 | C1424: 2023 | D1424: 393516 | E1424: 618 | F1424: 2065 | G1424: 2154 | H1424: 1806 | I1424: 2954 | J1424: 1047 | K1424: 604 | L1424: 2115 | M1424: 1272 | N1424: 2421 | O1424: 12048 | P1424: 75 | Q1424: 58 | R1424: 332 | S1424: 185 | T1424: 545 | U1424: 649 | V1424: 547 | W1424: 6221 | X1424: 403 | Y1424: 194 | Z1424: 20312 | AA1424: 13077 | AB1424: 3882 | AC1424: 719 | AD1424: 126 | AE1424: 261 | AF1424: 246 | AG1424: 10072 | AH1424: 2893 | AI1424: 2465 | AJ1424: 25942 | AK1424: 5543 | AL1424: 371 | AM1424: 3471 | AN1424: 3252 | AO1424: 5879 | AP1424: 218 | AQ1424: 1796 | AR1424: 471 | AS1424: 2286 | AT1424: 2726 | AU1424: 3172 | AV1424: 5370 | AW1424: 10860 | AX1424: 7949 | AY1424: 193 | AZ1424: 1562 | BA1424: 4 | BB1424: 34369 | BC1424: 2879 | BD1424: 221 | BE1424: 2400 | BF1424: 8634 | BG1424: 455 | BH1424: 697 | BI1424: 47 | BJ1424: 8439 | BK1424: 10773 | BL1424: 4 | BM1424: 819 | BN1424: 4384 | BO1424: 123 | BP1424: 864 | BQ1424: 6466 | BR1424: 684 | BS1424: 9964 | BT1424: 5471 | BU1424: 324 | BV1424: 5009 | BW1424: 4135 | BX1424: 34810 | BY1424: 161 | BZ1424: 293 | CA1424: 11779 | CB1424: 3500 | CC1424: 29 | CD1424: 823 | CE1424: 107 | CF1424: 896 | CG1424: 919 | CH1424: 627 | CI1424: 743 | CJ1424: 3762 | CK1424: 777 | CL1424: 9 | CM1424: 2011 | CN1424: 11683 | CO1424: 1251 | CP1424: 655 | CQ1424: 19 | CR1424: 4109 | CS1424: 2792 | CT1424: 2574 | CU1424: 496 | CV1424: 8220 | CW1424: 19879 | CX1424: 19810
