Workbook
Name _DLX1.INC: HAVER!$A$1:$F$6
Name Data: [1]sheet0!$C$2

Sheet Chart Data
A1: Bank Rate | F1: Period av
B2: Current | C2: Pre-conflict | G2: Current | H2: Pre-conflict
A3: 45658 | B3: =HAVER!B67 -> 4.75 | C3: =B3 -> 4.75 | F3: 45658 | G3: ='[2]Daily fcst'!L33 -> 4.75 | H3: ='[3]Daily fcst'!L33 -> 4.75
A4: 45689 | B4: =HAVER!B68 -> 4.5 | C4: =B4 -> 4.5 | F4: 45689 | G4: ='[2]Daily fcst'!L34 -> 4.5375 | H4: ='[3]Daily fcst'!L34 -> 4.5375
A5: 45717 | B5: =HAVER!B69 -> 4.5 | C5: =B5 -> 4.5 | F5: 45717 | G5: ='[2]Daily fcst'!L35 -> 4.5 | H5: ='[3]Daily fcst'!L35 -> 4.5
A6: 45748 | B6: =HAVER!B70 -> 4.5 | C6: =B6 -> 4.5 | F6: 45748 | G6: ='[2]Daily fcst'!L36 -> 4.5 | H6: ='[3]Daily fcst'!L36 -> 4.5
A7: 45778 | B7: =HAVER!B71 -> 4.25 | C7: =B7 -> 4.25 | F7: 45778 | G7: ='[2]Daily fcst'!L37 -> 4.3068182 | H7: ='[3]Daily fcst'!L37 -> 4.3068182
A8: 45809 | B8: =HAVER!B72 -> 4.25 | C8: =B8 -> 4.25 | F8: 45809 | G8: ='[2]Daily fcst'!L38 -> 4.25 | H8: ='[3]Daily fcst'!L38 -> 4.25
A9: 45839 | B9: =HAVER!B73 -> 4.25 | C9: =B9 -> 4.25 | F9: 45839 | G9: ='[2]Daily fcst'!L39 -> 4.25 | H9: ='[3]Daily fcst'!L39 -> 4.25
A10: 45870 | B10: =HAVER!B74 -> 4 | C10: =B10 -> 4 | F10: 45870 | G10: ='[2]Daily fcst'!L40 -> 4.047619 | H10: ='[3]Daily fcst'!L40 -> 4.047619
A11: 45901 | B11: =HAVER!B75 -> 4 | C11: =B11 -> 4 | F11: 45901 | G11: ='[2]Daily fcst'!L41 -> 4 | H11: ='[3]Daily fcst'!L41 -> 4
A12: 45931 | B12: =HAVER!B76 -> 4 | C12: =B12 -> 4 | F12: 45931 | G12: ='[2]Daily fcst'!L42 -> 4 | H12: ='[3]Daily fcst'!L42 -> 4
A13: 45962 | B13: =HAVER!B77 -> 4 | C13: =B13 -> 4 | F13: 45962 | G13: ='[2]Daily fcst'!L43 -> 4 | H13: ='[3]Daily fcst'!L43 -> 4
A14: 45992 | B14: =HAVER!B78 -> 3.75 | C14: =B14 -> 3.75 | F14: 45992 | G14: ='[2]Daily fcst'!L44 -> 3.8913043 | H14: ='[3]Daily fcst'!L44 -> 3.8913043
... A16: 46054 | B16: =HAVER!B80 -> 3.75 | C16: =B16 -> 3.75 | F16: 46054 | G16: ='[2]Daily fcst'!L46 -> 3.75 | H16: ='[3]Daily fcst'!L46 -> 3.75
A17: 46082 | B17: 3.75 | C17: 3.75 | F17: 46082 | G17: ='[2]Daily fcst'!L47 -> 3.75 | H17: ='[3]Daily fcst'!L47 -> 3.75
A18: 46113 | B18: 3.75 | C18: 3.5 | F18: 46113 | G18: ='[2]Daily fcst'!L48 -> 3.75 | H18: ='[3]Daily fcst'!L48 -> 3.7386364
A19: 46143 | B19: 3.75 | C19: 3.5 | F19: 46143 | G19: ='[2]Daily fcst'!L49 -> 3.75 | H19: ='[3]Daily fcst'!L49 -> 3.5
A20: 46174 | B20: 3.75 | C20: 3.5 | F20: 46174 | G20: ='[2]Daily fcst'!L50 -> 3.75 | H20: ='[3]Daily fcst'!L50 -> 3.5
A21: 46204 | B21: 3.75 | C21: 3.5 | F21: 46204 | G21: ='[2]Daily fcst'!L51 -> 3.75 | H21: ='[3]Daily fcst'!L51 -> 3.5
A22: 46235 | B22: 3.75 | C22: 3.5 | F22: 46235 | G22: ='[2]Daily fcst'!L52 -> 3.75 | H22: ='[3]Daily fcst'!L52 -> 3.5
A23: 46266 | B23: 3.75 | C23: 3.5 | F23: 46266 | G23: ='[2]Daily fcst'!L53 -> 3.75 | H23: ='[3]Daily fcst'!L53 -> 3.5
A24: 46296 | B24: 3.75 | C24: 3.5 | F24: 46296 | G24: ='[2]Daily fcst'!L54 -> 3.75 | H24: ='[3]Daily fcst'!L54 -> 3.5
A25: 46327 | B25: 3.75 | C25: 3.25 | F25: 46327 | G25: ='[2]Daily fcst'!L55 -> 3.75 | H25: ='[3]Daily fcst'!L55 -> 3.2857143
A26: 46357 | B26: 3.75 | C26: 3.25 | F26: 46357 | G26: ='[2]Daily fcst'!L56 -> 3.75 | H26: ='[3]Daily fcst'!L56 -> 3.25
A27: 46388 | B27: 3.75 | C27: 3.25 | F27: 46388 | G27: ='[2]Daily fcst'!L57 -> 3.75 | H27: ='[3]Daily fcst'!L57 -> 3.25
A28: 46419 | B28: 3.75 | C28: 3.25 | F28: 46419 | G28: ='[2]Daily fcst'!L58 -> 3.75 | H28: ='[3]Daily fcst'!L58 -> 3.25
... A38: 46722 | B38: 3.5 | C38: 3 | F38: 46722 | G38: ='[2]Daily fcst'!L68 -> 3.5 | H38: ='[3]Daily fcst'!L68 -> 3

Sheet HAVER
A1: 12001 !M | B1: AGG(R112RD@INTDAILY,EOP)
A2: .DESC | B2: United Kingdom: Official Bank Rate (%)
A3: .T1 | B3: Jan-1955 <- 03-Jan-1955
A4: .TN | B4: Feb-2026 <- 18-Mar-2026
A5: .LSOURCE | B5: Bank of England
A6: .DTLM | B6: Mar-18-2026 13:25
A7: 2001 | B7: 0.75
A8: 2002 | B8: 0.75
A9: 2003 | B9: 0.1
A10: 2004 | B10: 0.1
A11: 2005 | B11: 0.1
A12: 2006 | B12: 0.1
A13: 2007 | B13: 0.1
A14: 2008 | B14: 0.1
A15: 2009 | B15: 0.1
A16: 2010 | B16: 0.1
A17: 2011 | B17: 0.1
A18: 2012 | B18: 0.1
... A80: 2602 | B80: 3.75

Sheet GMW
A1: Location | B1: United Kingdom | C1: United Kingdom
A2: Indicator | B2: Interest rate, central bank policy, end of period | C2: Interest rate, central bank policy, end of period
A3: Scenario | B3: MAR019A | C3: MAR009O
A4: Units | B4: % | C4: %
A5: Scale | B5: NA | C5: NA
A6: Measurement | B6: Level | C6: Level
A7: 1973 Q1 | B7: 8.5 | C7: 8.5
A8: 1973 Q2 | B8: 7.5 | C8: 7.5
A9: 1973 Q3 | B9: 11.5 | C9: 11.5
A10: 1973 Q4 | B10: 13 | C10: 13
A11: 1974 Q1 | B11: 12.5 | C11: 12.5
A12: 1974 Q2 | B12: 11.75 | C12: 11.75
A13: 1974 Q3 | B13: 11.5 | C13: 11.5
A14: 1974 Q4 | B14: 11.5 | C14: 11.5
A15: 1975 Q1 | B15: 10 | C15: 10
A16: 1975 Q2 | B16: 10 | C16: 10
A17: 1975 Q3 | B17: 11 | C17: 11
A18: 1975 Q4 | B18: 11.25 | C18: 11.25
... A358: 2060 Q4 | B358: 2.5 | C358: 2.5
A359: Source | B359: Bank of England \Haver Analytics | C359: Bank of England \Haver Analytics
A360: Seasonally adjusted | B360: FALSE | C360: FALSE
A361: Base year price | B361: NA | C361: NA
A362: Base year index | B362: NA | C362: NA
A363: Historical end year | B363: 2025 | C363: 2025
A364: Historical end quarter | B364: 4 | C364: 4
A365: Date of last update | B365: NA | C365: NA
A366: Source details | B366: agg(R112RD@INTDAILY,EOP) | C366: agg(R112RD@INTDAILY,EOP)
A367: Additional source details | B367: United Kingdom: Official Bank Rate (%) ,EOP | C367: United Kingdom: Official Bank Rate (%) ,EOP
A368: Location code | B368: GBR | C368: GBR
A369: Indicator code | B369: RCBEOP | C369: RCBEOP
A370: Databank code | B370: MAR019A.db | C370: MAR009O.db
